Name of Vessel,Captain,Tons,Ship Type,Nationality,To whom consigned,From,Latitude (from),Longitude (from),Date Arr. (dd/mm/yyy),Date Dep. (dd/mm/yyy),Bound to,Latitude (to),Longitude (to),Report Date (dd/mm/yyy),Page
Sherard Osborn c.s.,Saunders,875,Cargo,British,E. T. & Co.,Mombasa,-4.0434771,39.6682065,30/01/1909 00:00:00,03/02/1909 00:00:00,Mombasa,-4.0434771,39.6682065,09/02/1909 00:00:00,12
Concordia Sailing ship,Eriksen,1207,Cargo,Norwegian,N.E.A.T. Co.,Fredrikshald,59.1329964,11.3874569,30/01/1909 00:00:00,,Fredrikshald,59.1329964,11.3874569,09/02/1909 00:00:00,12
Berbera s.s.,Packham,2791,Cargo,British,S. M. & Co.,London,51.5072178,-0.1275862,31/01/1909 00:00:00,03/02/1909 00:00:00,Mombasa,-4.0434771,39.6682065,09/02/1909 00:00:00,12
Kilwa s.s.,Noorudin,161,Cargo,Zanzibar,Z'bar Govt.,Pemba,-5.0319352,39.7755571,02/02/1909 00:00:00,08/02/1909 00:00:00,Pemba,-5.0319352,39.7755571,09/02/1909 00:00:00,12
M. Meanatchey s.s.,Tilling,1368,Cargo,British,S. M. & Co.,Aden,12.7906378,45.0175921,03/02/1909 00:00:00,,Aden,12.7906378,45.0175921,09/02/1909 00:00:00,12
Rovuma s.s.,Hasseinitter,55,Cargo,German,C. D. & Bros.,Daressalaam,-6.8165054,39.2894367,03/02/1909 00:00:00,04/02/1909 00:00:00,Daressalaam,-6.8165054,39.2894367,09/02/1909 00:00:00,12
Admiral s.s.,Doherr,3696,Cargo,German,D.O.A.L.,Durban,-29.8586804,31.0218404,04/02/1909 00:00:00,07/02/1909 00:00:00,Europe,54.5259614,15.2551187,09/02/1909 00:00:00,12
Barawa s.s.,Jaffer,165,Cargo,Zanzibar,Z'bar Govt.,Pemba,-5.0319352,39.7755571,04/02/1909 00:00:00,08/02/1909 00:00:00,Pemba,-5.0319352,39.7755571,09/02/1909 00:00:00,12
Woodcock s.s.,Gourlay,59,Cargo,British,C. D. & Bros.,Aden,12.7906378,45.0175921,07/02/1909 00:00:00,,Aden,12.7906378,45.0175921,09/02/1909 00:00:00,12
Cougella s.s.,Howes,1022,Cargo,British,,Bombay,19.0759837,72.8776559,07/02/1909 00:00:00,07/02/1909 00:00:00,Durban,-29.8586804,31.0218404,09/02/1909 00:00:00,12
Hermione H.M.S.,C.E. Hunter,,Men-of-War,British,,Mombasa,-4.0434771,39.6682065,29/01/1909 00:00:00,09/02/1909 00:00:00,Monbasa,-4.0434771,39.6682065,09/02/1909 00:00:00,12
Concordia Sailing ship,Eriksen,1207,Cargo,Norwegian,N.E.A.T. Co.,Fredrikshald,59.1329964,11.3874569,30/01/1909 00:00:00,22/02/1909 00:00:00,India,20.593684,78.96288,16/02/1909 00:00:00,28
Barawa s.s.,Jaffer,165,Cargo,Zanzibar,Z'bar Govt.,Pemba,-5.0319352,39.7755571,11/02/1909 00:00:00,22/02/1909 00:00:00,Pemba,-5.0319352,39.7755571,16/02/1909 00:00:00,28
Clematis s.s.,Davies,2329,Cargo,British,B. Hirji,Rangoon,16.840939,96.173526,13/02/1909 00:00:00,22/02/1909 00:00:00,Tanzania,-6.369028,34.888822,16/02/1909 00:00:00,28
Kaiser s.s.,Pohlenz,1714,Cargo,German,D.O.A.L.,Durban,-29.8586804,31.0218404,14/02/1909 00:00:00,17/02/1909 00:00:00,Bombay,19.0759837,72.8776559,16/02/1909 00:00:00,28
Erna Woermann s.s.,Becher,3482,Cargo,German,D.O.A.L.,Germany Coast,51.165691,10.451526,17/02/1909 00:00:00,18/02/1909 00:00:00,South Africa,-30.559482,22.937506,16/02/1909 00:00:00,28
Burgermeister s.s.,Fudler,3672,Cargo,German,D.O.A.L.,Hamburg,53.5488282,9.9871703,18/02/1909 00:00:00,19/02/1909 00:00:00,Cape Town,-33.922087,18.4231418,16/02/1909 00:00:00,28
Kilwa s.s.,Noorudin,161,Cargo,Zanzibar,Z'bar Govt.,Pemba,-5.0319352,39.7755571,18/02/1909 00:00:00,22/02/1909 00:00:00,Pemba,-5.0319352,39.7755571,16/02/1909 00:00:00,28
Gouverneur s.s.,Burmeister,2096,Cargo,German,D.O.A.L.,Bombay,19.0759837,72.8776559,22/02/1909 00:00:00,20/02/1909 00:00:00,Germany Coast,51.165691,10.451526,16/02/1909 00:00:00,28
Tuna s.s.,McLean,259,Cargo,British,C. D. & Bros.,Aden,12.7906378,45.0175921,23/02/1909 00:00:00,,Aden,12.7906378,45.0175921,16/02/1909 00:00:00,28
Woodcock s.s.,Gourlay,59,Cargo,British,C. D. & Bros.,Kismayu,-0.3560455,42.5460573,23/02/1909 00:00:00,,Kismayu,-0.3560455,42.5460573,16/02/1909 00:00:00,28
Kaiser Wilhelm II s.s.,Prussing,97,Cargo,German,C. D. & Bros.,Daressalaam,-6.8165054,39.2894367,01/02/1909 00:00:00,,Daressalaam,-6.8165054,39.2894367,16/02/1909 00:00:00,28
Caprera R.I.N,H. O. Fascili,,Men-of-War,Italian,,Kismayu,-0.3560455,42.5460573,15/02/1909 00:00:00,,Kismayu,-0.3560455,42.5460573,16/02/1909 00:00:00,28
Hearty H. M. S.,C. E. Hunter,,Men-of-War,British,,Mombasa,-4.0434771,39.6682065,18/02/1909 00:00:00,,Mombasa,-4.0434771,39.6682065,09/02/1909 00:00:00,28
Bussard S.M.S.,H. K. Menger,,Men-of-War,German,,Daressalaam,-6.8165054,39.2894367,21/02/1909 00:00:00,22/02/1909 00:00:00,Tanzania,-6.369028,34.888822,09/02/1909 00:00:00,28
Tuna s.s.,McLean,259,Cargo,British,C. D. & Bros.,Aden,12.7906378,45.0175921,22/02/1909 00:00:00,24/02/1909 00:00:00,Aden via Benadir,12.7906378,45.0175921,02/03/1909 00:00:00,37
Woodcock s.s.,Gourlay,59,Cargo,British,C. D. & Bros.,Kismayu,-0.3560455,42.5460573,23/02/1909 00:00:00,24/02/1909 00:00:00,Kismayu,-0.3560455,42.5460573,02/03/1909 00:00:00,37
Kaiser Wilhelm II s.s.,Prussing,97,Cargo,German,C. D. & Bros.,Daressalaam,-6.8165054,39.2894367,23/02/1909 00:00:00,24/02/1909 00:00:00,Mombasa,-4.0434771,39.6682065,02/03/1909 00:00:00,37
Barawa s.s.,Jaffer,165,Cargo,Zanzibar,Z'bar Govt.,Pemba,-5.0319352,39.7755571,24/02/1909 00:00:00,01/03/1909 00:00:00,Pemba,-5.0319352,39.7755571,02/03/1909 00:00:00,37
Prinzregent s.s.,Gauhe,3747,Cargo,German,D.O.A.L.,Durban,-29.8586804,31.0218404,25/02/1909 00:00:00,28/02/1909 00:00:00,Europe,54.5259614,15.2551187,02/03/1909 00:00:00,37
Kilwa s.s.,Noorudin,161,Cargo,Zanzibar,Z'bar Govt.,Pemba,-5.0319352,39.7755571,25/02/1909 00:00:00,,Pemba,-5.0319352,39.7755571,02/03/1909 00:00:00,37
Sherard Osborn c.s.,Saunders,875,Cargo,British,E. T. & Co.,Mombasa,-4.0434771,39.6682065,25/02/1909 00:00:00,,Mombasa,-4.0434771,39.6682065,02/03/1909 00:00:00,37
Djemnah s.s.,Casano,2251,Cargo,French,M.M. & Co.,Madagascar,-18.766947,46.869107,26/02/1909 00:00:00,27/02/1909 00:00:00,Europe,54.5259614,15.2551187,02/03/1909 00:00:00,37
Rovuma s.s.,Hasseinitter,55,Cargo,German,C. D. & Bros.,Daressalaam,-6.8165054,39.2894367,27/02/1909 00:00:00,01/03/1909 00:00:00,Daressalaam,-6.8165054,39.2894367,02/03/1909 00:00:00,37
Gouverneur s.s.,Burmeister,2096,Cargo,German,D.O.A.L.,South Africa,-30.559482,22.937506,28/02/1909 00:00:00,01/03/1909 00:00:00,Bombay,19.0759837,72.8776559,02/03/1909 00:00:00,37
Melbourne s.s.,Combe,2425,Cargo,French,M.M. & Co.,Marseilles,43.3025742,5.3690743,28/02/1909 00:00:00,01/03/1909 00:00:00,Madagascar,-18.766947,46.869107,02/03/1909 00:00:00,37
Kanzler s.s.,Michelsen,1840,Cargo,German,D.O.A.L.,Bombay,19.0759837,72.8776559,02/03/1909 00:00:00,,Bombay,19.0759837,72.8776559,02/03/1909 00:00:00,37
Caprera R.I.N,H.O. Fasella,,Men-of-War,Italian,,Kismayu,-0.3560455,42.5460573,13/02/1909 00:00:00,,Kismayu,-0.3560455,42.5460573,02/03/1909 00:00:00,37
Hermione H.M.S.,C.E. Hunter,,Men-of-War,British,,Mombasa,-4.0434771,39.6682065,18/02/1909 00:00:00,24/02/1909 00:00:00,Delagoabay,-26.0828425,32.7633036,02/03/1909 00:00:00,37
Kilwa s.s.,Noorudin,161,Cargo,Zanzibar,Z'bar Govt.,Pemba,-5.0319352,39.7755571,25/02/1909 00:00:00,09/03/1909 00:00:00,Pangani,-5.4253802,38.975937,09/03/1909 00:00:00,44
Sherard Osborn c.s.,Saunders,875,Cargo,British,E. T. & Co.,Mombasa,-4.0434771,39.6682065,25/02/1909 00:00:00,,Mombasa,-4.0434771,39.6682065,09/03/1909 00:00:00,44
Kanzler s.s.,Michelson,1840,Cargo,German,D.O.A.L.,Bombay,19.0759837,72.8776559,02/03/1909 00:00:00,03/03/1909 00:00:00,Durban,-29.8586804,31.0218404,09/03/1909 00:00:00,44
M. Meanntchey s.s.,Tilling,1368,Cargo,British,S. M. & Co.,Aden,12.7906378,45.0175921,03/03/1909 00:00:00,08/03/1909 00:00:00,Aden,12.7906378,45.0175921,09/03/1909 00:00:00,44
Kaiser Wilhelm II s.s.,Prussing,97,Cargo,German,C. D. & Bros.,Bagamoyo,-6.4456338,38.898941,03/03/1909 00:00:00,05/03/1909 00:00:00,Daressalaam,-6.8165054,39.2894367,09/03/1909 00:00:00,44
Barawa s.s.,Jaffer,165,Cargo,Zanzibar,Z'bar Govt.,Pemba,-5.0319352,39.7755571,04/03/1909 00:00:00,08/03/1909 00:00:00,Pemba,-5.0319352,39.7755571,09/03/1909 00:00:00,44
Erna Woermann s.s.,Becher,3452,Cargo,German,D.O.A.L.,South Africa,-30.559482,22.937506,05/03/1909 00:00:00,09/03/1909 00:00:00,Europe,54.5259614,15.2551187,09/03/1909 00:00:00,44
Wami s.s.,Schnieders,25,Cargo,German,C. D. & Bros.,Daressalaam,-6.8165054,39.2894367,08/03/1909 00:00:00,09/03/1909 00:00:00,Daressalaam,-6.8165054,39.2894367,09/03/1909 00:00:00,44
Caprera R.I.N,H.O. Fasella,,Men-of-War,Italian,,Kismayu,-0.3560455,42.5460573,13/02/1909 00:00:00,04/03/1909 00:00:00,Benadir Coast,2.1065414,45.3933422,09/03/1909 00:00:00,44
Vesuvio R.I.N.,B.R. de Cervin,,Men-of-War,Italian,,Mahe,-4.6826693,55.480396,07/03/1909 00:00:00,,Mahe,-4.6826693,55.480396,09/03/1909 00:00:00,44
Bussard S.M.S.,H.K. Menger,,Men-of-War,German,,Sadani,-6.0450744,38.7754249,09/03/1909 00:00:00,09/03/1909 00:00:00,German Coast,53.5511,9.9937,09/03/1909 00:00:00,44
Sherard Osborn c.s.,Saunders,875,Cargo,British,E. T. & Co.,Mombasa,-4.0434771,39.6682065,25/02/1909 00:00:00,,Mombasa,-4.0434771,39.6682065,16/03/1909 00:00:00,53
Woodcock s.s.,Gourlay,59,Cargo,British,C. D. & Bros.,Kismayu,-0.3560455,42.5460573,10/03/1909 00:00:00,11/03/1909 00:00:00,Kismayu,-0.3560455,42.5460573,16/03/1909 00:00:00,53
Kilwa s.s.,Noorudin,161,Cargo,Zanzibar,Z'bar Govt.,Pemba,-5.0319352,39.7755571,10/03/1909 00:00:00,15/03/1909 00:00:00,Pemba,-5.0319352,39.7755571,16/03/1909 00:00:00,53
Barawa s.s.,Jaffer,165,Cargo,Zanzibar,Z'bar Govt.,Pemba,-5.0319352,39.7755571,11/03/1909 00:00:00,15/03/1909 00:00:00,Lamu,-2.2695575,40.9006408,16/03/1909 00:00:00,53
Wami s.s.,Schnieders,25,Cargo,German,C. D. & Bros.,Daressalaam,-6.8165054,39.2894367,11/03/1909 00:00:00,12/03/1909 00:00:00,Daressalaam,-6.8165054,39.2894367,16/03/1909 00:00:00,53
Nourél Bhar s.s,Mohomed,300,Cargo,Mascut,H. H. The Sultan,Mascut,23.5880307,58.3828717,12/03/1909 00:00:00,,Mascut,23.5880307,58.3828717,16/03/1909 00:00:00,53
Präsident,Muhlhaner,2069,Cargo,German,D.O.A.L.,Bombay,19.0759837,72.8776559,12/03/1909 00:00:00,13/03/1909 00:00:00,Germany Coast,51.165691,10.451526,16/03/1909 00:00:00,53
Gertrud Woermann s.s.,Carstens,4081,Cargo,German,D.O.A.L.,Hamburg,53.5488282,9.9871703,13/03/1909 00:00:00,16/03/1909 00:00:00,Cape Town,-33.922087,18.4231418,16/03/1909 00:00:00,53
Den of Kelly s.s.,Thomson,2875,Cargo,British,S. M. & Co.,London,51.5072178,-0.1275862,16/03/1909 00:00:00,,London,51.5072178,-0.1275862,16/03/1909 00:00:00,53
Vesuvio R.I.N.,B.R. de Cervin,,Men-of-War,Italian,,Mahe,-4.6826693,55.480396,07/03/1909 00:00:00,,Mahe,-4.6826693,55.480396,16/03/1909 00:00:00,53
Sherard Osborn c.s.,Saunders,875,Cargo,British,E. T. & Co.,Mombasa,-4.0434771,39.6682065,25/02/1909 00:00:00,,Mombasa,-4.0434771,39.6682065,23/03/1909 00:00:00,62
Nourél Bhar s.s,Mohomed,300,Cargo,Mascut,H. H. The Sultan,Mascut,23.5880307,58.3828717,12/03/1909 00:00:00,,Mascut,23.5880307,58.3828717,23/03/1909 00:00:00,62
Den of Kelly s.s,Thomson,2875,Cargo,British,S. M. & Co.,London,51.5072178,-0.1275862,16/03/1909 00:00:00,21/03/1909 00:00:00,Djibouti,11.825138,42.590275,23/03/1909 00:00:00,62
Adolph Woermann s.s,Jeversen,3905,Cargo,German,D.O.A.L.,Durban,-29.8586804,31.0218404,18/03/1909 00:00:00,21/03/1909 00:00:00,Europe,54.5259614,15.2551187,23/03/1909 00:00:00,62
Kilwa s.s.,Noorudin,161,Cargo,Zanzibar,Z'bar Govt.,Pemba,-5.0319352,39.7755571,18/03/1909 00:00:00,22/03/1909 00:00:00,Pemba,-5.0319352,39.7755571,23/03/1909 00:00:00,62
Barawa s.s,Jaffer,165,Cargo,Zanzibar,Z'bar Govt.,Lamu,-2.2695575,40.9006408,19/03/1909 00:00:00,,Lamu,-2.2695575,40.9006408,23/03/1909 00:00:00,62
Präsident,Muhlbaner,2069,Cargo,German,D.O.A.L.,South Africa,-30.559482,22.937506,21/03/1909 00:00:00,22/03/1909 00:00:00,Bombay,19.0759837,72.8776559,23/03/1909 00:00:00,62
Rovuma s.s.,Hassimitter,55,Cargo,German,C. D. & Bros.,Daressalaam,-6.8165054,39.2894367,23/03/1909 00:00:00,,Daressalaam,-6.8165054,39.2894367,23/03/1909 00:00:00,62
Vesuvio R.I.N.,B.R. de Cervin,,Men-of-War,Italian,,Mahe,-4.6826693,55.480396,07/03/1909 00:00:00,,Benadir Coast,2.1065414,45.3933422,23/03/1909 00:00:00,62
Sherard Osborn c.s.,Saunders,875,Cargo,British,E. T. & Co.,Mombasa,-4.0434771,39.6682065,25/02/1909 00:00:00,,Mombasa,-4.0434771,39.6682065,30/03/1909 00:00:00,70
Nourél Bhar s.s,Mohomed,300,Cargo,Mascut,H. H. The Sultan,Mascut,23.5880307,58.3828717,12/03/1909 00:00:00,25/03/1909 00:00:00,Daressalaam,-6.8165054,39.2894367,30/03/1909 00:00:00,70
Barawa s.s.,Jaffer,165,Cargo,Zanzibar,Z'bar Govt.,Lamu,-2.2695575,40.9006408,19/03/1909 00:00:00,26/03/1909 00:00:00,Pangani,-5.4253802,38.975937,30/03/1909 00:00:00,70
Rovuma s.s.,Hasseinitter,55,Cargo,German,C. D. & Bros.,Daressalaam,-6.8165054,39.2894367,23/03/1909 00:00:00,24/03/1909 00:00:00,Mombasa,-4.0434771,39.6682065,30/03/1909 00:00:00,70
Woodcock s.s.,Gourlay,59,Cargo,British,C. D. & Bros.,Kismayu,-0.3560455,42.5460573,24/03/1909 00:00:00,26/03/1909 00:00:00,Kismayu,-0.3560455,42.5460573,30/03/1909 00:00:00,70
Eduard Woermann s.s.,Deppen,3522,Cargo,German,D.O.A.L.,Hamburg,53.5488282,9.9871703,24/03/1909 00:00:00,,Hamburg,53.5488282,9.9871703,30/03/1909 00:00:00,70
Kilwa s.s.,Noorudin,161,Cargo,Zanzibar,Z'bar Govt.,Pemba,-5.0319352,39.7755571,25/03/1909 00:00:00,,Pemba,-5.0319352,39.7755571,30/03/1909 00:00:00,70
Kaiser s.s.,Holds,1714,Cargo,German,D.O.A.L.,Bombay,19.0759837,72.8776559,26/03/1909 00:00:00,27/03/1909 00:00:00,Durban,-29.8586804,31.0218404,30/03/1909 00:00:00,70
Melbourne s.s.,Combe,2425,Cargo,French,M.M. & Co.,Madagascar,-18.766947,46.869107,26/03/1909 00:00:00,27/03/1909 00:00:00,Marseilles,43.3025742,5.3690743,30/03/1909 00:00:00,70
Rufiyi s.s.,Terfolth,55,Cargo,German,C. D. & Bros.,Daressalaam,-6.8165054,39.2894367,27/03/1909 00:00:00,30/03/1909 00:00:00,Daressalaam,-6.8165054,39.2894367,30/03/1909 00:00:00,70
Barawa s.s.,Jaffer,165,Cargo,Zanzibar,Z'bar Govt.,Pangani,-5.4253802,38.975937,27/03/1909 00:00:00,30/03/1909 00:00:00,Pemba,-5.0319352,39.7755571,30/03/1909 00:00:00,70
Oxus s.s.,Protet,2269,Cargo,French,M.M. & Co.,Marseilles,43.3025742,5.3690743,30/03/1909 00:00:00,30/03/1909 00:00:00,Madagascar,-18.766947,46.869107,30/03/1909 00:00:00,70
Mozaffari s.s.,Molony,1387,Cargo,British,G. B. Somji & Co.,Bombay,19.0759837,72.8776559,30/03/1909 00:00:00,,Bombay,19.0759837,72.8776559,30/03/1909 00:00:00,70
Sherard Osborn c.s.,Saunders,875,Cargo,British,E. T. & Co.,Mombasa,-4.0434771,39.6682065,25/02/1909 00:00:00,,Mombasa,-4.0434771,39.6682065,06/04/1909 00:00:00,78
Eduard Woermanns s.s.,Deppen,3522,Cargo,German,D.O.A.L.,Hamburg,53.5488282,9.9871703,24/03/1909 00:00:00,01/04/1909 00:00:00,Seychelles,-4.679574,55.491977,06/04/1909 00:00:00,78
Kilwa s.s.,Noorudin,161,Cargo,Zanzibar,Z'bar Govt.,Pemba,-5.0319352,39.7755571,25/03/1909 00:00:00,01/04/1909 00:00:00,Pemba,-5.0319352,39.7755571,06/04/1909 00:00:00,78
Mozaffari s.s.,Molony,1387,Cargo,British,G. B. Somji & Co.,Bombay,19.0759837,72.8776559,30/03/1909 00:00:00,01/04/1909 00:00:00,Durban,-29.8586804,31.0218404,06/04/1909 00:00:00,78
M. Menatchey s.s.,Tilling,1365,Cargo,British,S. M. & Co.,Aden,12.7906378,45.0175921,31/03/1909 00:00:00,05/04/1909 00:00:00,Aden,12.7906378,45.0175921,06/04/1909 00:00:00,78
Rovuma s.s.,Hassenritter,55,Cargo,German,C. D. & Bros.,Daressalaam,-6.8165054,39.2894367,01/04/1909 00:00:00,02/04/1909 00:00:00,Daressalaam,-6.8165054,39.2894367,06/04/1909 00:00:00,78
Feldmarschall s.s.,Kley,3819,Cargo,German,D.O.A.L.,Hamburg,53.5488282,9.9871703,02/04/1909 00:00:00,05/04/1909 00:00:00,Capetown,-33.922087,18.4231418,06/04/1909 00:00:00,78
Kanzler s.s.,Michelsen,1840,Cargo,German,D.O.A.L.,Bombay,19.0759837,72.8776559,03/04/1909 00:00:00,03/04/1909 00:00:00,Bombay,19.0759837,72.8776559,06/04/1909 00:00:00,78
Kilwa s.s.,Noorudin,161,Cargo,Zanzibar,Z'bar Govt.,Pemba,-5.0319352,39.7755571,04/04/1909 00:00:00,,Pemba,-5.0319352,39.7755571,06/04/1909 00:00:00,78
Clan Shaw s.s.,Clark,2503,Cargo,British,S. M. & Co.,Cardiff,51.483707,-3.1680962,04/04/1909 00:00:00,,Cardiff,51.483707,-3.1680962,06/04/1909 00:00:00,78
Nourél Bhar s.s.,Mohomed,300,Cargo,Mascut,H. H. The Sultan,Daressalaam,-6.8165054,39.2894367,05/04/1909 00:00:00,,Daressalaam,-6.8165054,39.2894367,06/04/1909 00:00:00,78
Sherard Osborn c.s.,Hunter,875,Cargo,British,E. T. & Co.,Mombasa,-4.0434771,39.6682065,25/02/1909 00:00:00,,Mombasa,-4.0434771,39.6682065,13/04/1909 00:00:00,86
Kilwa s.s.,Noorudin,161,Cargo,Zanzibar,Z'bar Govt.,Pemba,-5.0319352,39.7755571,04/04/1909 00:00:00,05/04/1909 00:00:00,Pemba,-5.0319352,39.7755571,13/04/1909 00:00:00,86
Clan Shaw s.s.,Clark,2503,Cargo,British,S. M. & Co.,Cardiff,51.483707,-3.1680962,04/04/1909 00:00:00,10/04/1909 00:00:00,Seychelles,-4.679574,55.491977,13/04/1909 00:00:00,86
Nourél Bhar s.s.,Molomed,300,Cargo,Mascut,H. H. The Sultan,Daressalaam,-6.8165054,39.2894367,05/04/1909 00:00:00,10/04/1909 00:00:00,Mascut,23.5880307,58.3828717,13/04/1909 00:00:00,86
Barawa s.s.,Suleman,165,Cargo,Zanzibar,Z'bar Govt.,Pemba,-5.0319352,39.7755571,07/04/1909 00:00:00,,Pemba,-5.0319352,39.7755571,13/04/1909 00:00:00,86
Tuna s.s.,McLean,259,Cargo,British,C. D. & Bros.,Aden,12.7906378,45.0175921,07/04/1909 00:00:00,10/04/1909 00:00:00,Aden,12.7906378,45.0175921,13/04/1909 00:00:00,86
Woodcock s.s.,Gourlay,59,Cargo,British,C. D. & Bros.,Kismayu,-0.3560455,42.5460573,09/04/1909 00:00:00,10/04/1909 00:00:00,Kismayu,-0.3560455,42.5460573,13/04/1909 00:00:00,86
Prinzessin s.s.,Stahl,3697,Cargo,German,D.O.A.L.,Durban,-29.8586804,31.0218404,09/04/1909 00:00:00,11/04/1909 00:00:00,Europe,54.5259614,15.2551187,13/04/1909 00:00:00,86
Wami s.s.,Giese,25,Cargo,German,C. D. & Bros.,Tanzania,-6.369028,34.888822,09/04/1909 00:00:00,10/04/1909 00:00:00,Daressalaam,-6.8165054,39.2894367,13/04/1909 00:00:00,86
Kilwa s.s.,Noorudin,161,Cargo,Zanzibar,Z'bar Govt.,Pemba,-5.0319352,39.7755571,11/04/1909 00:00:00,,Pemba,-5.0319352,39.7755571,13/04/1909 00:00:00,86
Somali s.s.,Grieve,1615,Cargo,German,D.O.A.L.,Bombay,19.0759837,72.8776559,13/04/1909 00:00:00,,Bombay,19.0759837,72.8776559,13/04/1909 00:00:00,86
Wami s.s.,Giese,25,Cargo,German,C. D. & Bros.,Daressalaam,-6.8165054,39.2894367,13/04/1909 00:00:00,,Daressalaam,-6.8165054,39.2894367,13/04/1909 00:00:00,86
Pandora H.M.S,Davidson,,Men-of-War,British,,Mozambique,-18.665695,35.529562,11/04/1909 00:00:00,,Mozambique,-18.665695,35.529562,13/04/1909 00:00:00,86
Sherard Osborn c.s.,Hunter,875,Cargo,British,E. T. & Co.,Mombasa,-4.0434771,39.6682065,25/02/1909 00:00:00,,Mombasa,-4.0434771,39.6682065,20/04/1909 00:00:00,93
Barawa s.s.,Suleman,165,Cargo,Zanzibar,Z'bar Govt.,Pemba,-5.0319352,39.7755571,07/04/1909 00:00:00,,Mombasa,-4.0434771,39.6682065,20/04/1909 00:00:00,93
Kilwa s.s.,Noorudin,161,Cargo,Zanzibar,Z'bar Govt.,Pemba,-5.0319352,39.7755571,11/04/1909 00:00:00,15/04/1909 00:00:00,Pemba,-5.0319352,39.7755571,20/04/1909 00:00:00,93
Somali s.s.,Greiwe,1615,Cargo,German,D.O.A.L.,Bombay,19.0759837,72.8776559,13/04/1909 00:00:00,14/04/1909 00:00:00,Durban,-29.8586804,31.0218404,20/04/1909 00:00:00,93
Wami s.s.,Giese,25,Cargo,German,C. D. & Bros.,Daressalaam,-6.8165054,39.2894367,13/04/1909 00:00:00,14/04/1909 00:00:00,Daressalaam,-6.8165054,39.2894367,20/04/1909 00:00:00,93
Wami s.s.,Giese,25,Cargo,German,C. D. & Bros.,Daressalaam,-6.8165054,39.2894367,14/04/1909 00:00:00,15/04/1909 00:00:00,Daressalaam,-6.8165054,39.2894367,20/04/1909 00:00:00,93
Okhla s.s.,Reddoch,3486,Cargo,British,S. M. & Co.,Rangoon,16.840939,96.173526,17/04/1909 00:00:00,,Rangoon,16.840939,96.173526,20/04/1909 00:00:00,93
Kilwa s.s.,Noorudin,161,Cargo,Zanzibar,Z'bar Govt.,Pemba,-5.0319352,39.7755571,18/04/1909 00:00:00,,Rangoon,16.840939,96.173526,20/04/1909 00:00:00,93
Kaiser Wilhelm II s.s.,Prussing,97,Cargo,German,C. D. & Bros.,Daressalaam,-6.8165054,39.2894367,19/04/1909 00:00:00,19/04/1909 00:00:00,Tanzania,-6.369028,34.888822,20/04/1909 00:00:00,93
Mahommadi s.s.,Gore,1252,Cargo,British,G. B. Somji & Co.,Bombay,19.0759837,72.8776559,20/04/1909 00:00:00,,Bombay,19.0759837,72.8776559,20/04/1909 00:00:00,93
Eduard Woermann s.s.,Deppen,3588,Cargo,German,D.O.A.L.,St. Pierre,46.7818357,-56.1737393,20/04/1909 00:00:00,,Bombay,19.0759837,72.8776559,20/04/1909 00:00:00,93
Pandora H.M.S,Davidson,,Men-of-War,British,,Mozambique,-18.665695,35.529562,11/04/1909 00:00:00,19/04/1909 00:00:00,Mombasa,-4.0434771,39.6682065,20/04/1909 00:00:00,93
Sherard Osborn c.s.,Hunter,875,Cargo,British,E. T. & Co.,Mombasa,-4.0434771,39.6682065,25/02/1909 00:00:00,,Mombasa,-4.0434771,39.6682065,27/04/1909 00:00:00,102
Barawa s.s.,Sulleman,165,Cargo,Zanzibar,Z'bar Govt.,Pemba,-5.0319352,39.7755571,07/04/1909 00:00:00,22/04/1909 00:00:00,Pemba,-5.0319352,39.7755571,27/04/1909 00:00:00,102
Okhla s.s.,Reddoch,3436,Cargo,British,S. M. & Co.,Rangoon,16.840939,96.173526,17/04/1909 00:00:00,27/04/1909 00:00:00,Djibouti,11.825138,42.590275,27/04/1909 00:00:00,102
Kilwa s.s.,Noorudin,161,Cargo,Zanzibar,Z'bar Govt.,Pemba,-5.0319352,39.7755571,18/04/1909 00:00:00,,Pemba,-5.0319352,39.7755571,27/04/1909 00:00:00,102
Mohmmadi s.s.,Gore,1252,Cargo,British,G. B. Somji & Co.,Bombay,19.0759837,72.8776559,20/04/1909 00:00:00,21/04/1909 00:00:00,Durban,-29.8586804,31.0218404,27/04/1909 00:00:00,102
Eduard Woermann s.s.,Deppen,3588,Cargo,German,D.O.A.L.,St. Pierre,46.7818357,-56.1737393,20/04/1909 00:00:00,21/04/1909 00:00:00,Europe,54.5259614,15.2551187,27/04/1909 00:00:00,102
Reichstag s.s,Jacobsen,1319,Cargo,German,D.O.A.L.,South Africa,-30.559482,22.937506,21/04/1909 00:00:00,21/04/1909 00:00:00,Tanzania,-6.369028,34.888822,27/04/1909 00:00:00,102
Präsident,Muhlbaner,2069,Cargo,German,D.O.A.L.,Bombay,19.0759837,72.8776559,22/04/1909 00:00:00,23/04/1909 00:00:00,South Africa,-30.559482,22.937506,27/04/1909 00:00:00,102
Kaiser s.s.,Holds,1714,Cargo,German,D.O.A.L.,South Africa,-30.559482,22.937506,23/04/1909 00:00:00,23/04/1909 00:00:00,Bombay,19.0759837,72.8776559,27/04/1909 00:00:00,102
Rovuma s.s.,Hassenitter,150,Cargo,German,C. D. & Bros.,Daressalaam,-6.8165054,39.2894367,23/04/1909 00:00:00,24/04/1909 00:00:00,Mombasa,-4.0434771,39.6682065,27/04/1909 00:00:00,102
Admiral s.s.,Doherr,3696,Cargo,German,D.O.A.L.,Hamburg,53.5488282,9.9871703,24/04/1909 00:00:00,26/04/1909 00:00:00,Capetown,-33.922087,18.4231418,27/04/1909 00:00:00,102
Barawa s.s.,Sulleman,165,Cargo,Zanzibar,Z'bar Govt.,Pemba,-5.0319352,39.7755571,25/04/1909 00:00:00,,Pemba,-5.0319352,39.7755571,27/04/1909 00:00:00,102
Martha s.s.,Boruhafer,184,Cargo,German,D.O.A.L.,Tanzania,-6.369028,34.888822,26/04/1909 00:00:00,,Tanzania,-6.369028,34.888822,27/04/1909 00:00:00,102
Woodcock s.s.,Gourlay,59,Cargo,British,C. D. & Bros.,Kismayu,-0.3560455,42.5460573,26/04/1909 00:00:00,27/04/1909 00:00:00,Kismayu,-0.3560455,42.5460573,27/04/1909 00:00:00,102
Oxus s.s.,Protet,2269,Cargo,French,M.M. & Co.,Madagascar,-18.766947,46.869107,26/04/1909 00:00:00,27/04/1909 00:00:00,Europe,54.5259614,15.2551187,27/04/1909 00:00:00,102
Wami s.s.,Giese,25,Cargo,German,C. D. & Bros.,Daressalaam,-6.8165054,39.2894367,27/04/1909 00:00:00,,Daressalaam,-6.8165054,39.2894367,27/04/1909 00:00:00,102
Pandora H.M.S,Davidson,,Men-of-War,British,,Mombasa,-4.0434771,39.6682065,26/04/1909 00:00:00,,Mombasa,-4.0434771,39.6682065,04/05/1909 00:00:00,110
Sherard Osborn c.s.,Hunter,875,Cargo,British,E. T. & Co.,Mombasa,-4.0434771,39.6682065,25/02/1909 00:00:00,02/05/1909 00:00:00,Mombasa,-4.0434771,39.6682065,04/05/1909 00:00:00,110
Kilwa s.s.,Noorudin,161,Cargo,Zanzibar,Z'bar Govt.,Pemba,-5.0319352,39.7755571,18/04/1909 00:00:00,01/05/1909 00:00:00,Pemba,-5.0319352,39.7755571,04/05/1909 00:00:00,110
Barawa s.s.,Sulleman,165,Cargo,Zanzibar,Z'bar Govt.,Pemba,-5.0319352,39.7755571,25/04/1909 00:00:00,,Pemba,-5.0319352,39.7755571,04/05/1909 00:00:00,110
Martha s.s.,Boruhafer,184,Cargo,German,D.O.A.L.,Tanzania,-6.369028,34.888822,26/04/1909 00:00:00,28/04/1909 00:00:00,Tanzania,-6.369028,34.888822,04/05/1909 00:00:00,110
Wami s.s.,Giese,25,Cargo,German,C. D. & Bros.,Daressalaam,-6.8165054,39.2894367,27/04/1909 00:00:00,28/04/1909 00:00:00,Daressalaam,-6.8165054,39.2894367,04/05/1909 00:00:00,110
M. Macnetchy s.s.,Tilling,1368,Cargo,British,S. M. & Co.,Aden,12.7906378,45.0175921,28/04/1909 00:00:00,03/05/1909 00:00:00,Aden,12.7906378,45.0175921,04/05/1909 00:00:00,110
Natal s.s.,Eschenaver,2450,Cargo,French,M.M. & Co.,Marseilles,43.3025742,5.3690743,28/04/1909 00:00:00,29/04/1909 00:00:00,Madagascar,-18.766947,46.869107,04/05/1909 00:00:00,110
Windhuk s.s.,Meyer,3967,Cargo,German,D.O.A.L.,Durban,-29.8586804,31.0218404,29/04/1909 00:00:00,02/05/1909 00:00:00,Europe,54.5259614,15.2551187,04/05/1909 00:00:00,110
Wissmann s.s.,Blair,183,Cargo,British,C. D. & Bros.,Aden,12.7906378,45.0175921,30/04/1909 00:00:00,02/05/1909 00:00:00,Aden,12.7906378,45.0175921,04/05/1909 00:00:00,110
Mozaffari s.s.,Molony,1387,Cargo,British,G. B. Somji & Co.,Durban,-29.8586804,31.0218404,30/04/1909 00:00:00,02/05/1909 00:00:00,Bombay,19.0759837,72.8776559,04/05/1909 00:00:00,110
Rovuma s.s.,Hasseinitter,55,Cargo,German,C. D. & Bros.,Tanzania,-6.369028,34.888822,02/05/1909 00:00:00,02/05/1909 00:00:00,Daressalaam,-6.8165054,39.2894367,04/05/1909 00:00:00,110
Präsident,Muhlbaner,2069,Cargo,German,D.O.A.L.,South Africa,-30.559482,22.937506,02/05/1909 00:00:00,02/05/1909 00:00:00,Bombay,19.0759837,72.8776559,04/05/1909 00:00:00,110
Reichstag s.s.,Jacobsen,1319,Cargo,German,D.O.A.L.,Tanzania,-6.369028,34.888822,04/05/1909 00:00:00,03/05/1909 00:00:00,Tanzania,-6.369028,34.888822,04/05/1909 00:00:00,110
Kilwa s.s.,Noorudin,161,Cargo,Zanzibar,Z'bar Govt.,Pemba,-5.0319352,39.7755571,04/05/1909 00:00:00,,Tanzania,-6.369028,34.888822,04/05/1909 00:00:00,110
Pandora H.M.S.,Davidson,,Men-of-War,British,,Mombasa,-4.0434771,39.6682065,26/04/1909 00:00:00,,Mombasa,-4.0434771,39.6682065,04/05/1909 00:00:00,110
Seeadler S.M.S.,Mourer,,Men-of-War,German,,Lindi,-9.9876076,39.6982485,30/04/1909 00:00:00,,Lindi,-9.9876076,39.6982485,04/05/1909 00:00:00,110
Bussard S.M.S.,Menger,,Men-of-War,German,,Daressalaam,-6.8165054,39.2894367,02/05/1909 00:00:00,,Daressalaam,-6.8165054,39.2894367,04/05/1909 00:00:00,110
Barawa s.s.,Sulleman,165,Cargo,Zanzibar,Z'bar Govt.,Pemba,-5.0319352,39.7755571,25/04/1909 00:00:00,05/05/1909 00:00:00,Mombasa,-4.0434771,39.6682065,18/05/1909 00:00:00,126
Clan MacDonald s.s.,Hayword,3118,Cargo,British,Wm. O'S. & Co.,New York,40.7127753,-74.0059728,08/05/1909 00:00:00,13/05/1909 00:00:00,P. de Galle,6.0507877,80.2286892,18/05/1909 00:00:00,126
Kilwa s.s.,Noorudin,161,Cargo,Zanzibar,Z'bar Govt.,Pemba,-5.0319352,39.7755571,11/05/1909 00:00:00,15/05/1909 00:00:00,Pemba,-5.0319352,39.7755571,18/05/1909 00:00:00,126
Zanzibar s.s.,Attschweger,782,Cargo,German,Wm. O'S. & Co.,Hamburg,53.5488282,9.9871703,11/05/1909 00:00:00,13/05/1909 00:00:00,Madagascar,-18.766947,46.869107,18/05/1909 00:00:00,126
Wami s.s.,Terfolth,25,Cargo,German,C. D. & Bros.,Daressalam,-6.8165054,39.2894367,12/05/1909 00:00:00,13/05/1909 00:00:00,Daressalaam,-6.8165054,39.2894367,18/05/1909 00:00:00,126
Gouverneur s.s.,Burmeister,2096,Cargo,German,D.O.A.L.,Bombay,19.0759837,72.8776559,13/05/1909 00:00:00,13/05/1909 00:00:00,German Coast,53.5511,9.9937,18/05/1909 00:00:00,126
Khedive s.s.,Scharfe,3242,Cargo,German,D.O.A.L.,Daressalam,-6.8165054,39.2894367,13/05/1909 00:00:00,14/05/1909 00:00:00,Lobito,12.3522,13.5475°,18/05/1909 00:00:00,126
Prinzregent s.s.,Gauhe,3747,Cargo,German,D.O.A.L.,Hamburg,53.5488282,9.9871703,14/05/1909 00:00:00,17/05/1909 00:00:00,Capetown,-33.922087,18.4231418,18/05/1909 00:00:00,126
Somali s.s.,Greiwe,1615,Cargo,German,D.O.A.L.,Durban,-29.8586804,31.0218404,16/05/1909 00:00:00,16/05/1909 00:00:00,Bombay,19.0759837,72.8776559,18/05/1909 00:00:00,126
Naseri s.s.,Mierre,912,Cargo,British,G. P. M. & Co.,Bombay,19.0759837,72.8776559,16/05/1909 00:00:00,17/05/1909 00:00:00,Durban,-29.8586804,31.0218404,18/05/1909 00:00:00,126
Barawa s.s.,Sulleman,156,Cargo,Zanzibar,Z'bar Govt.,Mombasa,-4.0434771,39.6682065,17/05/1909 00:00:00,,Mombasa,-4.0434771,39.6682065,18/05/1909 00:00:00,126
Kilwa s.s.,Noorudin,161,Cargo,Zanzibar,Z'bar Govt.,Pemba,-5.0319352,39.7755571,18/05/1909 00:00:00,,Pemba,-5.0319352,39.7755571,18/05/1909 00:00:00,126
Pandora H.M.S.,Davidson,,Men-of-War,British,,Mombasa,-4.0434771,39.6682065,25/04/1909 00:00:00,,Mombasa,-4.0434771,39.6682065,18/05/1909 00:00:00,126
Barawa s.s.,Sulleman,165,Cargo,Zanzibar,Z'bar Govt.,Mombasa,-4.0434771,39.6682065,17/05/1909 00:00:00,,Mombasa,-4.0434771,39.6682065,25/05/1909 00:00:00,134
Kilwa s.s.,Noorudin,161,Cargo,Zanzibar,Z'bar Govt.,Pemba,-5.0319352,39.7755571,18/05/1909 00:00:00,24/05/1909 00:00:00,Pemba,-5.0319352,39.7755571,25/05/1909 00:00:00,134
Herzog s.s.,Weisskam,3048,Cargo,German,D.O.A.L.,Capetown,-33.922087,18.4231418,21/05/1909 00:00:00,23/05/1909 00:00:00,Europe,54.5259614,15.2551187,25/05/1909 00:00:00,134
Tuna s.s.,McLean,258,Cargo,British,C. D. & Bros.,Aden,12.7906378,45.0175921,21/05/1909 00:00:00,23/05/1909 00:00:00,Aden,12.7906378,45.0175921,25/05/1909 00:00:00,134
Mohammadi s.s.,Gore,1252,Cargo,British,G. P. & Co.,Durban,-29.8586804,31.0218404,21/05/1909 00:00:00,23/05/1909 00:00:00,Bombay,19.0759837,72.8776559,25/05/1909 00:00:00,134
Rovuma s.s.,Hasseinitter,55,Cargo,German,C. D. & Bros.,Tanzania,-6.369028,34.888822,22/05/1909 00:00:00,23/05/1909 00:00:00,Daressalaam,-6.8165054,39.2894367,25/05/1909 00:00:00,134
Gouverneur s.s.,Burmeister,2096,Cargo,German,D.O.A.L.,Germany Coast,51.165691,10.451526,23/05/1909 00:00:00,24/05/1909 00:00:00,Bombay,19.0759837,72.8776559,25/05/1909 00:00:00,134
Kaiser Wilhelm II s.s.,Prussing,,Cargo,German,C. D. & Bros.,Daressalam,-6.8165054,39.2894367,23/05/1909 00:00:00,24/05/1909 00:00:00,Mombasa,-4.0434771,39.6682065,25/05/1909 00:00:00,134
Africa s.s.,Linklater,97,Cargo,British,C. D. & Bros.,Aden,12.7906378,45.0175921,25/05/1909 00:00:00,,Aden,12.7906378,45.0175921,25/05/1909 00:00:00,134
Pandora H.M.S.,Davidson,,Men-of-War,British,,Mombasa,-4.0434771,39.6682065,26/04/1909 00:00:00,,Mombasa,-4.0434771,39.6682065,25/05/1909 00:00:00,134
Barawa s.s.,Jaffer,169,Cargo,Zanzibar,Z'bar Govt.,Mombasa,-4.0434771,39.6682065,17/05/1909 00:00:00,,Mombasa ,-4.0434771,39.6682065,01/06/1909 00:00:00,142
Africa s.s.,Linklater,112,Cargo,British,C. D. & Bros.,Aden,12.7906378,45.0175921,25/05/1909 00:00:00,26/05/1909 00:00:00,Kismayu,-0.3560455,42.5460573,01/06/1909 00:00:00,142
Natal s.s.,Eschenaver,2450,Cargo,French,M.M. & Co.,Madagascar,-18.766947,46.869107,26/05/1909 00:00:00,27/05/1909 00:00:00,Marseilles,43.3025742,5.3690743,01/06/1909 00:00:00,142
Kilwa s.s.,Noorudin,161,Cargo,Zanzibar,Z'bar Govt.,Pemba,-5.0319352,39.7755571,27/02/1909 00:00:00,01/06/1909 00:00:00,Pemba,-5.0319352,39.7755571,01/06/1909 00:00:00,142
Kaiser s.s.,Holdts,1714,Cargo,German,D.O.A.L.,Bombay,19.0759837,72.8776559,27/02/1909 00:00:00,28/05/1909 00:00:00,South Africa,-30.559482,22.937506,01/06/1909 00:00:00,142
Rovuma s.s.,Hasseinitter,55,Cargo,German,C. D. & Bros.,Daressalaam,-6.8165054,39.2894367,27/02/1909 00:00:00,29/05/1909 00:00:00,Daressalaam,-6.8165054,39.2894367,01/06/1909 00:00:00,142
M. Menatschy s.s.,Tilling,1368,Cargo,British,S. M. & Co.,Aden,12.7906378,45.0175921,27/02/1909 00:00:00,01/06/1909 00:00:00,Aden,12.7906378,45.0175921,01/06/1909 00:00:00,142
Sherard Osborn c.s.,Hunter,875,Cargo,British,E. T. & Co.,Mozambique,-18.665695,35.529562,28/05/1909 00:00:00,01/06/1909 00:00:00,Mozambique,-18.665695,35.529562,01/06/1909 00:00:00,142
Adour s.s.,Ailland,2348,Cargo,French,M.M. & Co.,Marseilles,43.3025742,5.3690743,29/05/1909 00:00:00,29/05/1909 00:00:00,Madagascar,-18.766947,46.869107,01/06/1909 00:00:00,142
Khedivo s.s.,Scharfe,3243,Cargo,German,D.O.A.L.,Kilwa,-8.965874,39.497082,30/05/1909 00:00:00,01/06/1909 00:00:00,Aden,12.7906378,45.0175921,01/06/1909 00:00:00,142
Rovuma s.s.,Hasseinitter,55,Cargo,German,C. D. & Bros.,Daressalaam,-6.8165054,39.2894367,29/05/1909 00:00:00,31/05/1909 00:00:00,Daressalaam,-6.8165054,39.2894367,01/06/1909 00:00:00,142
Kaiser Wilhelm II s.s.,Prussing,97,Cargo,German,C. D. & Bros.,Tanzania,-6.369028,34.888822,01/06/1909 00:00:00,,Tanzania,-6.369028,34.888822,01/06/1909 00:00:00,142
Pandora H.M.S.,Davidson,,Men-of-War,British,,Mombasa,-4.0434771,39.6682065,26/04/1909 00:00:00,,Mombasa,-4.0434771,39.6682065,01/06/1909 00:00:00,142
Barawa s.s.,Jaffer,165,Cargo,Zanzibar,Z'bar Govt.,Mombasa,-4.0434771,39.6682065,17/05/1909 00:00:00,,Mombasa,-4.0434771,39.6682065,08/06/1909 00:00:00,150
Sherard Osborn c.s.,Hunter,875,Cargo,British,E. T. & Co.,Mozambique,-18.665695,35.529562,28/05/1909 00:00:00,,Mozambique,-18.665695,35.529562,08/06/1909 00:00:00,150
Kaiser Wilhelm II s.s.,Prussing,97,Cargo,German,C. D. & Bros.,Tanzania,-6.369028,34.888822,01/06/1909 00:00:00,02/06/1909 00:00:00,Daressalaam,-6.8165054,39.2894367,08/06/1909 00:00:00,150
Kilwa s.s.,Noorudin,161,Cargo,Zanzibar,Z'bar Govt.,Pemba,-5.0319352,39.7755571,04/06/1909 00:00:00,07/06/1909 00:00:00,Pemba,-5.0319352,39.7755571,08/06/1909 00:00:00,150
Präsident s.s.,Muhlbaner,2069,Cargo,German,D.O.A.L.,Bombay,19.0759837,72.8776559,05/06/1909 00:00:00,06/06/1909 00:00:00,Mikindani,-10.2823295,40.1119893,08/06/1909 00:00:00,150
Islami s.s.,J. Hurwak,1605,Cargo,British,G. P. M. & Co.,Bombay,19.0759837,72.8776559,06/06/1909 00:00:00,07/06/1909 00:00:00,Durban,-29.8586804,31.0218404,08/06/1909 00:00:00,150
Cupid s.s.,F.S. Bardo,243,Cargo,British,Z'bar Govt.,London,51.5072178,-0.1275862,06/06/1909 00:00:00,,London,51.5072178,-0.1275862,08/06/1909 00:00:00,150
Adolph Woermann s.s.,Jeversen,3903,Cargo,German,D.O.A.L.,Europe,54.5259614,15.2551187,07/06/1909 00:00:00,,Europe,54.5259614,15.2551187,08/06/1909 00:00:00,150
Africa s.s.,Linklater,162,Cargo,British,C. D. & Bros.,Kismayu,-0.3560455,42.5460573,08/06/1909 00:00:00,,Kismayu,-0.3560455,42.5460573,08/06/1909 00:00:00,150
Pandora H.M.S.,Davidson,,Men-of-War,British,,Mombasa,-4.0434771,39.6682065,20/04/1909 00:00:00,07/06/1909 00:00:00,Mombasa,-4.0434771,39.6682065,08/06/1909 00:00:00,150
Barawa s.s.,Noorudin,165,Cargo,Zanzibar,Z'bar Govt.,Mombasa,-4.0434771,39.6682065,17/05/1909 00:00:00,15/07/1909 00:00:00,Pemba,-5.0319352,39.7755571,15/06/1909 00:00:00,159
Sherard Osborn c.s.,Hunter,875,Cargo,British,E. T. & Co.,Mozambique,-18.665695,35.529562,28/05/1909 00:00:00,15/07/1909 00:00:00,Mozambique,-18.665695,35.529562,15/06/1909 00:00:00,159
Cupid s.s.,Jaffer,243,Cargo,Zanzibar,Z'bar Govt.,London,51.5072178,-0.1275862,06/06/1909 00:00:00,,London,51.5072178,-0.1275862,15/06/1909 00:00:00,159
Adolph Woermann s.s.,Jeversen,3903,Cargo,German,D.O.A.L.,Europe,54.5259614,15.2551187,07/06/1909 00:00:00,09/07/1909 00:00:00,South Africa,-30.559482,22.937506,15/06/1909 00:00:00,159
Africa s.s.,Linklater,162,Cargo,British,C. D. & Bros.,Kismayu,-0.3560455,42.5460573,08/06/1909 00:00:00,09/07/1909 00:00:00,Kismayu,-0.3560455,42.5460573,15/06/1909 00:00:00,159
Kilwa s.s.,,161,Cargo,Zanzibar,Z'bar Govt.,Pemba,-5.0319352,39.7755571,10/06/1909 00:00:00,,Pemba,-5.0319352,39.7755571,15/06/1909 00:00:00,159
Burgermeister s.s.,Fiedler,3672,Cargo,German,D.O.A.L.,South Africa ,-30.559482,22.937506,11/06/1909 00:00:00,13/07/1909 00:00:00,Europe,54.5259614,15.2551187,15/06/1909 00:00:00,159
Präsident s.s.,Muhlbaner,2069,Cargo,German,D.O.A.L.,Mikindani,-10.2823295,40.1119893,14/06/1909 00:00:00,14/07/1909 00:00:00,Bombay,19.0759837,72.8776559,15/06/1909 00:00:00,159
Cupid s.s.,Jaffer,243,Cargo,Zanzibar,Z'bar Govt.,London,51.5072178,-0.1275862,06/06/1909 00:00:00,,London,51.5072178,-0.1275862,22/06/1909 00:00:00,168
Kilwa s.s.,,161,Cargo,Zanzibar,Z'bar Govt.,Pemba,-5.0319352,39.7755571,10/06/1909 00:00:00,,Pemba,-5.0319352,39.7755571,22/06/1909 00:00:00,168
Berbera s.s.,Packham,2791,Cargo,British,S. M. & Co.,London,51.5072178,-0.1275862,17/06/1909 00:00:00,18/06/1909 00:00:00,Beina,32.0710935,34.7705995,22/06/1909 00:00:00,168
Naseri s.s.,Mierne,912,Cargo,British,G. P. M. & Co.,Burban,33.9554098,73.4519048,17/06/1909 00:00:00,18/06/1909 00:00:00,Bombay,19.0759837,72.8776559,22/06/1909 00:00:00,168
Somali s.s.,Greiwe,1615,Cargo,German,D.O.A.L.,Bombay,19.0759837,72.8776559,18/06/1909 00:00:00,18/06/1909 00:00:00,Durban,-29.8586804,31.0218404,22/06/1909 00:00:00,168
Ingraban s.s.,Hantzen,2354,Cargo,German,D.O.A.L.,Mahe,-4.6826693,55.480396,18/06/1909 00:00:00,19/06/1909 00:00:00,Mahe,-4.6826693,55.480396,22/06/1909 00:00:00,168
Khalif s.s.,Pecs,244,Cargo,German,D.O.A.L.,Europe,54.5259614,15.2551187,18/06/1909 00:00:00,,Europe,54.5259614,15.2551187,22/06/1909 00:00:00,168
Barawa s.s.,Noorudin,166,Cargo,Zanzibar,Z'bar Govt.,Pemba,-5.0319352,39.7755571,18/06/1909 00:00:00,21/06/1909 00:00:00,Pemba,-5.0319352,39.7755571,22/06/1909 00:00:00,168
Africa s.s.,Gourlay,162,Cargo,British,C. D. & Bros.,Kismayu,-0.3560455,42.5460573,22/06/1909 00:00:00,,Kismayu,-0.3560455,42.5460573,22/06/1909 00:00:00,168
Mozafari s.s.,Molony,1387,Cargo,British,G. P. M. & Co.,Bombay,19.0759837,72.8776559,22/06/1909 00:00:00,,Bombay,19.0759837,72.8776559,22/06/1909 00:00:00,168
Cupid s.s.,Jaffer,249,Cargo,Zanzibar,Z'bar Govt.,London,51.5072178,-0.1275862,06/06/1909 00:00:00,,London,51.5072178,-0.1275862,29/06/1909 00:00:00,176
Kilwa s.s.,,161,Cargo,Zanzibar,Z'bar Govt.,Pemba,-5.0319352,39.7755571,10/06/1909 00:00:00,,Pemba,-5.0319352,39.7755571,29/06/1909 00:00:00,176
Khalif s.s.,Pens,3244,Cargo,German,D.O.A.L.,Europe,54.5259614,15.2551187,18/06/1909 00:00:00,26/06/1909 00:00:00,Beira,-19.8315949,34.8370183,29/06/1909 00:00:00,176
Africa s.s.,Gourlay,162,Cargo,British,C. D. & Bros.,Kismayu,-0.3560455,42.5460573,22/06/1909 00:00:00,23/06/1909 00:00:00,Kismayu,-0.3560455,42.5460573,29/06/1909 00:00:00,176
Mozaffari s.s.,Molony,1387,Cargo,British,G. P. M. & Co.,Bombay,19.0759837,72.8776559,22/06/1909 00:00:00,25/06/1909 00:00:00,Durban,-29.8586804,31.0218404,29/06/1909 00:00:00,176
Kaiser Wilhelm II s.s.,Hasseinitter,97,Cargo,German,C. D. & Bros.,Daressalaam,-6.8165054,39.2894367,23/06/1909 00:00:00,24/06/1909 00:00:00,Tanzania,-6.369028,34.888822,29/06/1909 00:00:00,176
Ketty Bque,Hausen,1419,Cargo,Norwegian,,St. Pierre,46.7818357,-56.1737393,23/06/1909 00:00:00,,St. Pierre,46.7818357,-56.1737393,29/06/1909 00:00:00,176
M. Mennatchy s.s.,Tilling,1368,Cargo,British,S. M. & Co.,Aden,12.7906378,45.0175921,24/06/1909 00:00:00,29/06/1909 00:00:00,Aden,12.7906378,45.0175921,29/06/1909 00:00:00,176
Barawa s.s.,Noorudin,165,Cargo,Zanzibar,Z'bar Govt.,Pemba,-5.0319352,39.7755571,24/06/1909 00:00:00,29/06/1909 00:00:00,Pemba,-5.0319352,39.7755571,29/06/1909 00:00:00,176
Mpanjaka s.s.,Pernot,393,Cargo,French,M.M. & Co.,Madagascar,-18.766947,46.869107,24/06/1909 00:00:00,26/06/1909 00:00:00,Comoro,-11.6455,43.3333,29/06/1909 00:00:00,176
Gouromeur s.s.,Burmeister,2096,Cargo,German,D.O.A.L.,Bombay,19.0759837,72.8776559,24/06/1909 00:00:00,25/06/1909 00:00:00,Mikindani,-10.2823295,40.1119893,29/06/1909 00:00:00,176
Prinzessin s.s.,Stahl,3697,Cargo,German,D.O.A.L.,Europe,54.5259614,15.2551187,25/06/1909 00:00:00,28/06/1909 00:00:00,South Africa,-30.559482,22.937506,29/06/1909 00:00:00,176
Adour s.s.,Ailland,2348,Cargo,French,M.M. & Co.,Madagascar,-18.766947,46.869107,26/06/1909 00:00:00,27/06/1909 00:00:00,Marseilles,43.3025742,5.3690743,29/06/1909 00:00:00,176
Wami s.s.,Beck,25,Cargo,German,C. D. & Bros.,Daressalaam,-6.8165054,39.2894367,27/06/1909 00:00:00,28/06/1909 00:00:00,Bagamoyo,-6.4456338,38.898941,29/06/1909 00:00:00,176
Rovuma s.s.,Terflotz,55,Cargo,German,C. D. & Bros.,Tanzania,-6.369028,34.888822,27/06/1909 00:00:00,28/06/1909 00:00:00,Daressalaam,-6.8165054,39.2894367,29/06/1909 00:00:00,176
Hermes H.M.S.,P. W. Dumas,,Men-of-War,British,,Port Elizabeth,-33.913693,25.5826876,26/06/1909 00:00:00,,Port Elizabeth,-33.913693,25.5826876,29/06/1909 00:00:00,176
 Pandora ,Davidson ,,Men-of-War,British,,Mombasa,-4.0434771,39.6682065,27/06/1909 00:00:00,,Mombasa,-4.0434771,39.6682065,29/06/1909 00:00:00,176
Kilwa s.s.,,161,Cargo,Zanzibar,Z'bar Govt.,Pemba,-5.0319352,39.7755571,10/06/1909 00:00:00,,Pemba,-5.0319352,39.7755571,18/10/1909 00:00:00,310
Sherard Osborn c.s.,Hunter,875,Cargo,British,E. T. & Co.,Mozambique,-18.665695,35.529562,09/09/1909 00:00:00,07/10/1909 00:00:00,Daressalaam,-6.8165054,39.2894367,18/10/1909 00:00:00,310
Cupid s.s.,Jaffer,243,Cargo,Zanzibar,Z'bar Govt.,Pemba,-5.0319352,39.7755571,30/09/1909 00:00:00,18/10/1909 00:00:00,Pemba,-5.0319352,39.7755571,18/10/1909 00:00:00,310
Africa s.s.,Gourlay,162,Cargo,British,C. D. & Bros.,Kismayu,-0.3560455,42.5460573,09/10/1909 00:00:00,13/10/1909 00:00:00,Kismayu,-0.3560455,42.5460573,18/10/1909 00:00:00,310
Prinzessin s.s.,Stahl,3697,Cargo,German,D.O.A.L.,Europe,54.5259614,15.2551187,09/10/1909 00:00:00,12/10/1909 00:00:00,Durban,-29.8586804,31.0218404,18/10/1909 00:00:00,310
Pundua s.s.,Tilling,2126,Cargo,British,S. M. & Co.,Aden,12.7906378,45.0175921,12/10/1909 00:00:00,18/10/1909 00:00:00,Aden,12.7906378,45.0175921,18/10/1909 00:00:00,310
Ahmedi s.s.,Green,1610,Cargo,British,G. P. M. & Co.,Bombay,19.0759837,72.8776559,12/10/1909 00:00:00,13/10/1909 00:00:00,Durban,-29.8586804,31.0218404,18/10/1909 00:00:00,310
Eos s.s.,,996,Cargo,Norwegian,N.E.A.T. Co.,Fredrikshald,59.1329964,11.3874569,12/10/1909 00:00:00,,Fredrikshald,59.1329964,11.3874569,18/10/1909 00:00:00,310
Martha s.s.,Bornhafen,184,Cargo,German,D.O.A.L.,Tanzania,-6.369028,34.888822,12/10/1909 00:00:00,13/10/1909 00:00:00,Tanzania,-6.369028,34.888822,18/10/1909 00:00:00,310
Germanicus s.s.,Burmeister,2096,Cargo,German,D.O.A.L.,Bombay,19.0759837,72.8776559,13/10/1909 00:00:00,14/10/1909 00:00:00,Durban,-29.8586804,31.0218404,18/10/1909 00:00:00,310
Barawa s.s.,Noorudin,165,Cargo,Zanzibar,Z'bar Govt.,Pemba,-5.0319352,39.7755571,14/10/1909 00:00:00,,Durban,-29.8586804,31.0218404,18/10/1909 00:00:00,310
Gertrud Woermann s.s.,Carstens,4015,Cargo,German,D.O.A.L.,South Africa,-30.559482,22.937506,16/10/1909 00:00:00,18/10/1909 00:00:00,Europe,54.5259614,15.2551187,18/10/1909 00:00:00,310
Sherard Osborn c.s.,Hunter,575,Cargo,British,E. T. & Co.,Daressalaam,-6.8165054,39.2894367,17/10/1909 00:00:00,,Daressalaam,-6.8165054,39.2894367,18/10/1909 00:00:00,310
Koenig s.s.,Volkersten,3043,Cargo,German,D.O.A.L.,Europe,54.5259614,15.2551187,18/10/1909 00:00:00,,Europe,54.5259614,15.2551187,18/10/1909 00:00:00,310
Kilwa s.s.,,161,Cargo,Zanzibar,Z'bar Govt.,Pemba,-5.0319352,39.7755571,10/06/1909 00:00:00,,Pemba,-5.0319352,39.7755571,25/10/1909 00:00:00,318
Eos s.s.,,996,Cargo,Norwegian,N.E.A.T. Co.,Fredrikshald,59.1329964,11.3874569,12/10/1909 00:00:00,,Fredrikshald,59.1329964,11.3874569,25/10/1909 00:00:00,318
Barawa s.s.,Noorudin,165,Cargo,Zanzibar,Z'bar Govt.,Pemba,-5.0319352,39.7755571,14/10/1909 00:00:00,25/10/1909 00:00:00,Pemba,-5.0319352,39.7755571,25/10/1909 00:00:00,318
Sherard Osborn c.s.,Hunter,875,Cargo,British,E. T. & Co.,Daressalaam,-6.8165054,39.2894367,17/10/1909 00:00:00,,Daressalaam,-6.8165054,39.2894367,25/10/1909 00:00:00,318
Koenig s.s.,Volkensten,3069,Cargo,German,D.O.A.L.,Europe,54.5259614,15.2551187,18/10/1909 00:00:00,18/10/1909 00:00:00,Daressalaam,-6.8165054,39.2894367,25/10/1909 00:00:00,318
Präsident s.s.,Jacobsen,2069,Cargo,German,D.O.A.L.,South Africa,-30.559482,22.937506,19/10/1909 00:00:00,20/10/1909 00:00:00,Bombay,19.0759837,72.8776559,25/10/1909 00:00:00,318
Wissmann s.s.,J. Bowman,183,Cargo,British,C. D. & Bros.,Benadir,2.1065414,45.3933422,21/10/1909 00:00:00,23/10/1909 00:00:00,Benadir,2.1065414,45.3933422,25/10/1909 00:00:00,318
Cupid s.s.,Jaffer,243,Cargo,Zanzibar,Z'bar Govt.,Pemba,-5.0319352,39.7755571,22/10/1909 00:00:00,,Pemba,-5.0319352,39.7755571,25/10/1909 00:00:00,318
Mozafari s.s.,Molony,1387,Cargo,British,G. P. M. & Co.,South Africa,-30.559482,22.937506,22/10/1909 00:00:00,25/10/1909 00:00:00,Bombay,19.0759837,72.8776559,25/10/1909 00:00:00,318
Kanzler s.s.,Ulrich,1840,Cargo,German,D.O.A.L.,Natal,-5.7841695,-35.1999708,23/10/1909 00:00:00,21/10/1909 00:00:00,Tanzania,-6.369028,34.888822,25/10/1909 00:00:00,318
Kaiser Wilhelm II s.s.,,97,Cargo,German,C. D. & Bros.,Daressalaam,-6.8165054,39.2894367,23/10/1909 00:00:00,21/10/1909 00:00:00,Daressalaam,-6.8165054,39.2894367,25/10/1909 00:00:00,318
Africa s.s.,Gourlay,162,Cargo,British,C. D. & Bros.,Kismayu,-0.3560455,42.5460573,24/10/1909 00:00:00,25/10/1909 00:00:00,Kismayu,-0.3560455,42.5460573,25/10/1909 00:00:00,318
Mpanjaka s.s.,Pernot,393,Cargo,French,M.M. & Co.,Madagascar,-18.766947,46.869107,24/10/1909 00:00:00,,Madagascar,-18.766947,46.869107,25/10/1909 00:00:00,318
Martha s.s.,Bornhofen,184,Cargo,German,D.O.A.L.,Tanzania,-6.369028,34.888822,25/10/1909 00:00:00,,Tanzania,-6.369028,34.888822,25/10/1909 00:00:00,318